staff,day,availableQueue,currentQueue
1,0,5,0
2,0,5,0
3,0,5,0
4,0,5,0
1,1,5,0
2,1,5,0
3,1,5,0
4,1,5,0
1,2,5,0
2,2,5,0
3,2,5,0
4,2,5,0
1,3,5,0
2,3,5,0
3,3,5,0
4,3,5,0
1,4,5,0
2,4,5,0
3,4,5,0
4,4,5,0
1,5,5,0
2,5,5,0
3,5,5,0
4,5,5,0
1,6,5,0
2,6,5,0
3,6,5,0
4,6,4,1
1,7,5,0
2,7,5,0
3,7,5,0
4,7,4,1
1,8,5,0
2,8,5,0
3,8,5,0
4,8,4,1
1,9,5,0
2,9,5,0
3,9,5,0
4,9,4,1
1,10,5,0
2,10,5,0
3,10,5,0
4,10,4,1
1,11,5,0
2,11,4,1
3,11,5,0
4,11,4,1
1,12,5,0
2,12,4,1
3,12,5,0
4,12,4,1
1,13,5,0
2,13,4,1
3,13,5,0
4,13,4,1
1,14,5,0
2,14,4,1
3,14,5,0
4,14,4,1
1,15,5,0
2,15,4,1
3,15,5,0
4,15,4,1
1,16,5,0
2,16,4,1
3,16,5,0
4,16,3,2
1,17,5,0
2,17,4,1
3,17,5,0
4,17,3,2
1,18,5,0
2,18,4,1
3,18,5,0
4,18,3,2
1,19,5,0
2,19,4,1
3,19,5,0
4,19,3,2
1,20,5,0
2,20,4,1
3,20,5,0
4,20,3,2
1,21,4,1
2,21,4,1
3,21,5,0
4,21,3,2
1,22,4,1
2,22,4,1
3,22,5,0
4,22,3,2
1,23,4,1
2,23,4,1
3,23,5,0
4,23,3,2
1,24,4,1
2,24,4,1
3,24,5,0
4,24,3,2
1,25,4,1
2,25,4,1
3,25,5,0
4,25,3,2
1,26,4,1
2,26,3,2
3,26,5,0
4,26,3,2
1,27,4,1
2,27,3,2
3,27,5,0
4,27,3,2
1,28,4,1
2,28,3,2
3,28,5,0
4,28,3,2
1,29,4,1
2,29,3,2
3,29,5,0
4,29,3,2
1,30,4,1
2,30,3,2
3,30,5,0
4,30,3,2
1,31,4,1
2,31,3,2
3,31,4,1
4,31,3,2
1,32,4,1
2,32,3,2
3,32,4,1
4,32,3,2
1,33,4,1
2,33,3,2
3,33,4,1
4,33,3,2
1,34,4,1
2,34,3,2
3,34,4,1
4,34,3,2
1,35,4,1
2,35,3,2
3,35,4,1
4,35,3,2
1,36,4,1
2,36,3,2
3,36,4,1
4,36,2,3
1,37,4,1
2,37,3,2
3,37,4,1
4,37,2,3
1,38,4,1
2,38,3,2
3,38,4,1
4,38,2,3
1,39,4,1
2,39,3,2
3,39,4,1
4,39,2,3
1,40,4,1
2,40,3,2
3,40,4,1
4,40,2,3
1,41,3,2
2,41,3,2
3,41,4,1
4,41,2,3
1,42,3,2
2,42,3,2
3,42,4,1
4,42,2,3
1,43,3,2
2,43,3,2
3,43,4,1
4,43,2,3
1,44,3,2
2,44,3,2
3,44,4,1
4,44,2,3
1,45,3,2
2,45,3,2
3,45,4,1
4,45,2,3
1,46,2,3
2,46,3,2
3,46,4,1
4,46,2,3
1,47,2,3
2,47,3,2
3,47,4,1
4,47,2,3
1,48,2,3
2,48,3,2
3,48,4,1
4,48,2,3
1,49,2,3
2,49,3,2
3,49,4,1
4,49,2,3
1,50,2,3
2,50,3,2
3,50,4,1
4,50,2,3
1,51,2,3
2,51,3,2
3,51,3,2
4,51,2,3
1,52,2,3
2,52,3,2
3,52,3,2
4,52,2,3
1,53,2,3
2,53,3,2
3,53,3,2
4,53,2,3
1,54,2,3
2,54,3,2
3,54,3,2
4,54,2,3
1,55,2,3
2,55,3,2
3,55,3,2
4,55,2,3
1,56,2,3
2,56,2,3
3,56,3,2
4,56,2,3
1,57,2,3
2,57,2,3
3,57,3,2
4,57,2,3
1,58,2,3
2,58,2,3
3,58,3,2
4,58,2,3
1,59,2,3
2,59,2,3
3,59,3,2
4,59,2,3
1,60,2,3
2,60,2,3
3,60,3,2
4,60,2,3
1,61,2,3
2,61,2,3
3,61,3,2
4,61,1,4
1,62,2,3
2,62,2,3
3,62,3,2
4,62,1,4
1,63,2,3
2,63,2,3
3,63,3,2
4,63,1,4
1,64,2,3
2,64,2,3
3,64,3,2
4,64,1,4
1,65,2,3
2,65,2,3
3,65,3,2
4,65,1,4
1,66,1,4
2,66,2,3
3,66,3,2
4,66,1,4
1,67,1,4
2,67,2,3
3,67,3,2
4,67,1,4
1,68,1,4
2,68,2,3
3,68,3,2
4,68,1,4
1,69,1,4
2,69,2,3
3,69,3,2
4,69,1,4
1,70,1,4
2,70,2,3
3,70,3,2
4,70,1,4
1,71,1,4
2,71,2,3
3,71,2,3
4,71,1,4
1,72,1,4
2,72,2,3
3,72,2,3
4,72,1,4
1,73,1,4
2,73,2,3
3,73,2,3
4,73,1,4
1,74,1,4
2,74,2,3
3,74,2,3
4,74,1,4
1,75,1,4
2,75,2,3
3,75,2,3
4,75,1,4
1,76,1,4
2,76,2,3
3,76,1,4
4,76,1,4
1,77,1,4
2,77,2,3
3,77,1,4
4,77,1,4
1,78,1,4
2,78,2,3
3,78,1,4
4,78,1,4
1,79,1,4
2,79,2,3
3,79,1,4
4,79,1,4
1,80,1,4
2,80,2,3
3,80,1,4
4,80,1,4
1,81,1,4
2,81,2,3
3,81,0,5
4,81,1,4
1,82,1,4
2,82,2,3
3,82,0,5
4,82,1,4
1,83,1,4
2,83,2,3
3,83,0,5
4,83,1,4
1,84,1,4
2,84,2,3
3,84,0,5
4,84,1,4
1,85,1,4
2,85,2,3
3,85,0,5
4,85,1,4
1,86,1,4
2,86,2,3
3,86,0,5
4,86,0,5
1,87,1,4
2,87,2,3
3,87,0,5
4,87,0,5
1,88,1,4
2,88,2,3
3,88,0,5
4,88,0,5
1,89,1,4
2,89,2,3
3,89,0,5
4,89,0,5
1,90,1,4
2,90,2,3
3,90,0,5
4,90,0,5
1,91,1,4
2,91,1,4
3,91,0,5
4,91,0,5
1,92,1,4
2,92,1,4
3,92,0,5
4,92,0,5
1,93,1,4
2,93,1,4
3,93,0,5
4,93,0,5
1,94,1,4
2,94,1,4
3,94,0,5
4,94,0,5
1,95,1,4
2,95,2,3
3,95,0,5
4,95,0,5
1,96,0,5
2,96,2,3
3,96,0,5
4,96,0,5
1,97,0,5
2,97,2,3
3,97,0,5
4,97,0,5
1,98,0,5
2,98,2,3
3,98,0,5
4,98,0,5
1,99,0,5
2,99,2,3
3,99,0,5
4,99,0,5
1,100,0,5
2,100,2,3
3,100,0,5
4,100,0,5
1,101,0,5
2,101,1,4
3,101,0,5
4,101,0,5
1,102,0,5
2,102,1,4
3,102,0,5
4,102,0,5
1,103,0,5
2,103,1,4
3,103,0,5
4,103,0,5
1,104,0,5
2,104,1,4
3,104,0,5
4,104,0,5
1,105,0,5
2,105,1,4
3,105,0,5
4,105,0,5
1,106,0,5
2,106,0,5
3,106,0,5
4,106,0,5
1,107,0,5
2,107,0,5
3,107,0,5
4,107,0,5
1,108,0,5
2,108,0,5
3,108,0,5
4,108,0,5
1,109,0,5
2,109,0,5
3,109,0,5
4,109,0,5
1,110,0,5
2,110,0,5
3,110,0,5
4,110,0,5
1,111,0,5
2,111,0,5
3,111,0,5
4,111,0,5
1,112,0,5
2,112,0,5
3,112,0,5
4,112,0,5
1,113,0,5
2,113,0,5
3,113,0,5
4,113,0,5
1,114,0,5
2,114,0,5
3,114,0,5
4,114,0,5
1,115,0,5
2,115,0,5
3,115,0,5
4,115,0,5
1,116,0,5
2,116,0,5
3,116,0,5
4,116,0,5
1,117,0,5
2,117,0,5
3,117,0,5
4,117,0,5
1,118,0,5
2,118,0,5
3,118,0,5
4,118,0,5
1,119,0,5
2,119,0,5
3,119,0,5
4,119,0,5
1,120,0,5
2,120,0,5
3,120,0,5
4,120,0,5
1,121,0,5
2,121,0,5
3,121,0,5
4,121,0,5
1,122,0,5
2,122,0,5
3,122,0,5
4,122,0,5
1,123,0,5
2,123,0,5
3,123,0,5
4,123,0,5
1,124,0,5
2,124,0,5
3,124,0,5
4,124,0,5
1,125,0,5
2,125,0,5
3,125,0,5
4,125,0,5
1,126,0,5
2,126,0,5
3,126,0,5
4,126,0,5
1,127,0,5
2,127,0,5
3,127,0,5
4,127,0,5
1,128,0,5
2,128,0,5
3,128,0,5
4,128,0,5
1,129,0,5
2,129,0,5
3,129,0,5
4,129,0,5
1,130,0,5
2,130,0,5
3,130,0,5
4,130,0,5
1,131,0,5
2,131,0,5
3,131,0,5
4,131,0,5
1,132,0,5
2,132,0,5
3,132,0,5
4,132,0,5
1,133,0,5
2,133,0,5
3,133,0,5
4,133,0,5
1,134,0,5
2,134,0,5
3,134,0,5
4,134,0,5
1,135,0,5
2,135,0,5
3,135,0,5
4,135,0,5
1,136,0,5
2,136,0,5
3,136,0,5
4,136,0,5
1,137,0,5
2,137,0,5
3,137,0,5
4,137,0,5
1,138,0,5
2,138,0,5
3,138,0,5
4,138,0,5
1,139,0,5
2,139,0,5
3,139,0,5
4,139,0,5
1,140,0,5
2,140,0,5
3,140,0,5
4,140,0,5
1,141,0,5
2,141,0,5
3,141,0,5
4,141,0,5
1,142,0,5
2,142,0,5
3,142,0,5
4,142,0,5
1,143,0,5
2,143,0,5
3,143,0,5
4,143,0,5
1,144,0,5
2,144,0,5
3,144,0,5
4,144,0,5
1,145,0,5
2,145,0,5
3,145,0,5
4,145,0,5
1,146,0,5
2,146,0,5
3,146,0,5
4,146,0,5
1,147,0,5
2,147,0,5
3,147,0,5
4,147,0,5
1,148,0,5
2,148,0,5
3,148,0,5
4,148,0,5
1,149,0,5
2,149,0,5
3,149,0,5
4,149,0,5
1,150,0,5
2,150,0,5
3,150,0,5
4,150,0,5
1,151,0,5
2,151,0,5
3,151,0,5
4,151,0,5
1,152,0,5
2,152,0,5
3,152,0,5
4,152,0,5
1,153,0,5
2,153,0,5
3,153,0,5
4,153,0,5
1,154,0,5
2,154,0,5
3,154,0,5
4,154,0,5
1,155,0,5
2,155,0,5
3,155,0,5
4,155,0,5
1,156,0,5
2,156,0,5
3,156,0,5
4,156,0,5
1,157,0,5
2,157,0,5
3,157,0,5
4,157,0,5
1,158,0,5
2,158,0,5
3,158,0,5
4,158,0,5
1,159,0,5
2,159,0,5
3,159,0,5
4,159,0,5
1,160,0,5
2,160,0,5
3,160,0,5
4,160,0,5
1,161,0,5
2,161,0,5
3,161,0,5
4,161,0,5
1,162,0,5
2,162,0,5
3,162,0,5
4,162,0,5
1,163,0,5
2,163,0,5
3,163,0,5
4,163,0,5
1,164,0,5
2,164,0,5
3,164,0,5
4,164,0,5
1,165,0,5
2,165,0,5
3,165,0,5
4,165,0,5
1,166,0,5
2,166,0,5
3,166,0,5
4,166,0,5
1,167,0,5
2,167,0,5
3,167,0,5
4,167,0,5
1,168,0,5
2,168,0,5
3,168,0,5
4,168,0,5
1,169,0,5
2,169,0,5
3,169,0,5
4,169,0,5
1,170,0,5
2,170,0,5
3,170,0,5
4,170,0,5
1,171,0,5
2,171,0,5
3,171,0,5
4,171,0,5
1,172,0,5
2,172,0,5
3,172,0,5
4,172,0,5
1,173,0,5
2,173,0,5
3,173,0,5
4,173,0,5
1,174,0,5
2,174,0,5
3,174,0,5
4,174,0,5
1,175,0,5
2,175,0,5
3,175,0,5
4,175,0,5
1,176,0,5
2,176,0,5
3,176,0,5
4,176,0,5
1,177,0,5
2,177,0,5
3,177,0,5
4,177,0,5
1,178,0,5
2,178,0,5
3,178,0,5
4,178,0,5
1,179,0,5
2,179,0,5
3,179,0,5
4,179,0,5
1,180,0,5
2,180,0,5
3,180,0,5
4,180,0,5
1,181,0,5
2,181,0,5
3,181,0,5
4,181,0,5
1,182,0,5
2,182,0,5
3,182,0,5
4,182,0,5
1,183,0,5
2,183,0,5
3,183,0,5
4,183,0,5
1,184,0,5
2,184,0,5
3,184,0,5
4,184,0,5
1,185,0,5
2,185,0,5
3,185,0,5
4,185,0,5
1,186,0,5
2,186,0,5
3,186,0,5
4,186,0,5
1,187,0,5
2,187,0,5
3,187,0,5
4,187,0,5
1,188,0,5
2,188,0,5
3,188,0,5
4,188,0,5
1,189,0,5
2,189,0,5
3,189,0,5
4,189,0,5
1,190,0,5
2,190,0,5
3,190,0,5
4,190,0,5
1,191,0,5
2,191,0,5
3,191,0,5
4,191,0,5
1,192,0,5
2,192,0,5
3,192,0,5
4,192,0,5
1,193,0,5
2,193,0,5
3,193,0,5
4,193,0,5
1,194,0,5
2,194,0,5
3,194,0,5
4,194,0,5
1,195,0,5
2,195,0,5
3,195,0,5
4,195,0,5
1,196,0,5
2,196,0,5
3,196,0,5
4,196,0,5
1,197,0,5
2,197,0,5
3,197,0,5
4,197,0,5
1,198,0,5
2,198,0,5
3,198,0,5
4,198,0,5
1,199,0,5
2,199,0,5
3,199,0,5
4,199,0,5
1,200,0,5
2,200,0,5
3,200,0,5
4,200,0,5
1,201,0,5
2,201,0,5
3,201,0,5
4,201,0,5
1,202,0,5
2,202,0,5
3,202,0,5
4,202,0,5
1,203,0,5
2,203,0,5
3,203,0,5
4,203,0,5
1,204,0,5
2,204,0,5
3,204,0,5
4,204,0,5
1,205,0,5
2,205,0,5
3,205,0,5
4,205,0,5
1,206,0,5
2,206,0,5
3,206,0,5
4,206,0,5
1,207,0,5
2,207,0,5
3,207,0,5
4,207,0,5
1,208,0,5
2,208,0,5
3,208,0,5
4,208,0,5
1,209,0,5
2,209,0,5
3,209,0,5
4,209,0,5
1,210,0,5
2,210,0,5
3,210,0,5
4,210,0,5
1,211,0,5
2,211,0,5
3,211,0,5
4,211,0,5
1,212,0,5
2,212,0,5
3,212,0,5
4,212,0,5
1,213,0,5
2,213,0,5
3,213,0,5
4,213,0,5
1,214,0,5
2,214,0,5
3,214,0,5
4,214,0,5
1,215,0,5
2,215,0,5
3,215,0,5
4,215,0,5
1,216,0,5
2,216,0,5
3,216,0,5
4,216,0,5
1,217,0,5
2,217,0,5
3,217,0,5
4,217,0,5
1,218,0,5
2,218,0,5
3,218,0,5
4,218,0,5
1,219,0,5
2,219,0,5
3,219,0,5
4,219,0,5
1,220,0,5
2,220,0,5
3,220,0,5
4,220,0,5
1,221,0,5
2,221,0,5
3,221,0,5
4,221,0,5
1,222,0,5
2,222,0,5
3,222,0,5
4,222,0,5
1,223,0,5
2,223,0,5
3,223,0,5
4,223,0,5
1,224,0,5
2,224,0,5
3,224,0,5
4,224,0,5
1,225,0,5
2,225,0,5
3,225,0,5
4,225,0,5
1,226,0,5
2,226,0,5
3,226,0,5
4,226,0,5
1,227,0,5
2,227,0,5
3,227,0,5
4,227,0,5
1,228,0,5
2,228,0,5
3,228,0,5
4,228,0,5
1,229,0,5
2,229,0,5
3,229,0,5
4,229,0,5
1,230,0,5
2,230,0,5
3,230,0,5
4,230,0,5
1,231,0,5
2,231,0,5
3,231,0,5
4,231,0,5
1,232,0,5
2,232,0,5
3,232,0,5
4,232,0,5
1,233,0,5
2,233,0,5
3,233,0,5
4,233,0,5
1,234,0,5
2,234,0,5
3,234,0,5
4,234,0,5
1,235,0,5
2,235,0,5
3,235,0,5
4,235,0,5
1,236,0,5
2,236,0,5
3,236,0,5
4,236,0,5
1,237,0,5
2,237,0,5
3,237,0,5
4,237,0,5
1,238,0,5
2,238,0,5
3,238,0,5
4,238,0,5
1,239,0,5
2,239,0,5
3,239,0,5
4,239,0,5
1,240,0,5
2,240,0,5
3,240,0,5
4,240,0,5
1,241,0,5
2,241,0,5
3,241,0,5
4,241,0,5
1,242,0,5
2,242,0,5
3,242,0,5
4,242,0,5
1,243,0,5
2,243,0,5
3,243,0,5
4,243,0,5
1,244,0,5
2,244,0,5
3,244,0,5
4,244,0,5
1,245,0,5
2,245,0,5
3,245,0,5
4,245,0,5
1,246,0,5
2,246,0,5
3,246,0,5
4,246,0,5
1,247,0,5
2,247,0,5
3,247,0,5
4,247,0,5
1,248,0,5
2,248,0,5
3,248,0,5
4,248,0,5
1,249,0,5
2,249,0,5
3,249,0,5
4,249,0,5
1,250,0,5
2,250,0,5
3,250,0,5
4,250,0,5
1,251,0,5
2,251,0,5
3,251,0,5
4,251,0,5
1,252,0,5
2,252,0,5
3,252,0,5
4,252,0,5
1,253,0,5
2,253,0,5
3,253,0,5
4,253,0,5
1,254,0,5
2,254,0,5
3,254,0,5
4,254,0,5
1,255,0,5
2,255,0,5
3,255,0,5
4,255,0,5
1,256,0,5
2,256,0,5
3,256,0,5
4,256,0,5
1,257,0,5
2,257,0,5
3,257,0,5
4,257,0,5
1,258,0,5
2,258,0,5
3,258,0,5
4,258,0,5
1,259,0,5
2,259,0,5
3,259,0,5
4,259,0,5
1,260,0,5
2,260,0,5
3,260,0,5
4,260,0,5
1,261,0,5
2,261,0,5
3,261,0,5
4,261,0,5
1,262,0,5
2,262,0,5
3,262,0,5
4,262,0,5
1,263,0,5
2,263,0,5
3,263,0,5
4,263,0,5
1,264,0,5
2,264,0,5
3,264,0,5
4,264,0,5
1,265,0,5
2,265,0,5
3,265,0,5
4,265,0,5
1,266,0,5
2,266,0,5
3,266,0,5
4,266,0,5
1,267,0,5
2,267,0,5
3,267,0,5
4,267,0,5
1,268,0,5
2,268,0,5
3,268,0,5
4,268,0,5
1,269,0,5
2,269,0,5
3,269,0,5
4,269,0,5
1,270,0,5
2,270,0,5
3,270,0,5
4,270,0,5
1,271,0,5
2,271,0,5
3,271,0,5
4,271,0,5
1,272,0,5
2,272,0,5
3,272,0,5
4,272,0,5
1,273,0,5
2,273,0,5
3,273,0,5
4,273,0,5
1,274,0,5
2,274,0,5
3,274,0,5
4,274,0,5
1,275,0,5
2,275,0,5
3,275,0,5
4,275,0,5
1,276,0,5
2,276,0,5
3,276,0,5
4,276,0,5
1,277,0,5
2,277,0,5
3,277,0,5
4,277,0,5
1,278,0,5
2,278,0,5
3,278,0,5
4,278,0,5
1,279,0,5
2,279,0,5
3,279,0,5
4,279,0,5
1,280,0,5
2,280,0,5
3,280,0,5
4,280,0,5
1,281,0,5
2,281,0,5
3,281,0,5
4,281,0,5
1,282,0,5
2,282,0,5
3,282,0,5
4,282,0,5
1,283,0,5
2,283,0,5
3,283,0,5
4,283,0,5
1,284,0,5
2,284,0,5
3,284,0,5
4,284,0,5
1,285,0,5
2,285,0,5
3,285,0,5
4,285,0,5
1,286,0,5
2,286,0,5
3,286,0,5
4,286,0,5
1,287,0,5
2,287,0,5
3,287,0,5
4,287,0,5
1,288,0,5
2,288,0,5
3,288,0,5
4,288,0,5
1,289,0,5
2,289,0,5
3,289,0,5
4,289,0,5
1,290,0,5
2,290,0,5
3,290,0,5
4,290,0,5
1,291,0,5
2,291,0,5
3,291,0,5
4,291,0,5
1,292,0,5
2,292,0,5
3,292,0,5
4,292,0,5
1,293,0,5
2,293,0,5
3,293,0,5
4,293,0,5
1,294,0,5
2,294,0,5
3,294,0,5
4,294,0,5
1,295,0,5
2,295,0,5
3,295,0,5
4,295,0,5
1,296,0,5
2,296,0,5
3,296,0,5
4,296,0,5
1,297,0,5
2,297,0,5
3,297,0,5
4,297,0,5
1,298,0,5
2,298,0,5
3,298,0,5
4,298,0,5
1,299,0,5
2,299,0,5
3,299,0,5
4,299,0,5
1,300,0,5
2,300,0,5
3,300,0,5
4,300,0,5
1,301,0,5
2,301,0,5
3,301,0,5
4,301,0,5
1,302,0,5
2,302,0,5
3,302,0,5
4,302,0,5
1,303,0,5
2,303,0,5
3,303,0,5
4,303,0,5
1,304,0,5
2,304,0,5
3,304,0,5
4,304,0,5
1,305,0,5
2,305,0,5
3,305,0,5
4,305,0,5
1,306,0,5
2,306,0,5
3,306,0,5
4,306,0,5
1,307,0,5
2,307,0,5
3,307,0,5
4,307,0,5
1,308,0,5
2,308,0,5
3,308,0,5
4,308,0,5
1,309,0,5
2,309,0,5
3,309,0,5
4,309,0,5
1,310,0,5
2,310,0,5
3,310,0,5
4,310,0,5
1,311,0,5
2,311,0,5
3,311,0,5
4,311,0,5
1,312,0,5
2,312,0,5
3,312,0,5
4,312,0,5
1,313,0,5
2,313,0,5
3,313,0,5
4,313,0,5
1,314,0,5
2,314,0,5
3,314,0,5
4,314,0,5
1,315,0,5
2,315,0,5
3,315,0,5
4,315,0,5
1,316,0,5
2,316,0,5
3,316,0,5
4,316,0,5
1,317,0,5
2,317,0,5
3,317,0,5
4,317,0,5
1,318,0,5
2,318,0,5
3,318,0,5
4,318,0,5
1,319,0,5
2,319,0,5
3,319,0,5
4,319,0,5
1,320,0,5
2,320,0,5
3,320,0,5
4,320,0,5
1,321,0,5
2,321,0,5
3,321,0,5
4,321,0,5
1,322,0,5
2,322,0,5
3,322,0,5
4,322,0,5
1,323,0,5
2,323,0,5
3,323,0,5
4,323,0,5
1,324,0,5
2,324,0,5
3,324,0,5
4,324,0,5
1,325,0,5
2,325,0,5
3,325,0,5
4,325,0,5
1,326,0,5
2,326,0,5
3,326,0,5
4,326,0,5
1,327,0,5
2,327,0,5
3,327,0,5
4,327,0,5
1,328,0,5
2,328,0,5
3,328,0,5
4,328,0,5
1,329,0,5
2,329,0,5
3,329,0,5
4,329,0,5
1,330,0,5
2,330,0,5
3,330,0,5
4,330,0,5
1,331,0,5
2,331,0,5
3,331,0,5
4,331,0,5
1,332,0,5
2,332,0,5
3,332,0,5
4,332,0,5
1,333,0,5
2,333,0,5
3,333,0,5
4,333,0,5
1,334,0,5
2,334,0,5
3,334,0,5
4,334,0,5
1,335,0,5
2,335,0,5
3,335,0,5
4,335,0,5
1,336,0,5
2,336,0,5
3,336,0,5
4,336,0,5
1,337,0,5
2,337,0,5
3,337,0,5
4,337,0,5
1,338,0,5
2,338,0,5
3,338,0,5
4,338,0,5
1,339,0,5
2,339,0,5
3,339,0,5
4,339,0,5
1,340,0,5
2,340,0,5
3,340,0,5
4,340,0,5
1,341,0,5
2,341,0,5
3,341,0,5
4,341,0,5
1,342,0,5
2,342,0,5
3,342,0,5
4,342,0,5
1,343,0,5
2,343,0,5
3,343,0,5
4,343,0,5
1,344,0,5
2,344,0,5
3,344,0,5
4,344,0,5
1,345,0,5
2,345,0,5
3,345,0,5
4,345,0,5
1,346,0,5
2,346,0,5
3,346,0,5
4,346,0,5
1,347,0,5
2,347,0,5
3,347,0,5
4,347,0,5
1,348,0,5
2,348,0,5
3,348,0,5
4,348,0,5
1,349,0,5
2,349,0,5
3,349,0,5
4,349,0,5
1,350,0,5
2,350,0,5
3,350,0,5
4,350,0,5
1,351,0,5
2,351,0,5
3,351,0,5
4,351,0,5
1,352,0,5
2,352,0,5
3,352,0,5
4,352,0,5
1,353,0,5
2,353,0,5
3,353,0,5
4,353,0,5
1,354,0,5
2,354,0,5
3,354,0,5
4,354,0,5
1,355,0,5
2,355,0,5
3,355,0,5
4,355,0,5
1,356,0,5
2,356,0,5
3,356,0,5
4,356,0,5
1,357,0,5
2,357,0,5
3,357,0,5
4,357,0,5
1,358,0,5
2,358,0,5
3,358,0,5
4,358,0,5
1,359,0,5
2,359,0,5
3,359,0,5
4,359,0,5
1,360,0,5
2,360,0,5
3,360,0,5
4,360,0,5
1,361,0,5
2,361,0,5
3,361,0,5
4,361,0,5
1,362,0,5
2,362,0,5
3,362,0,5
4,362,0,5
1,363,0,5
2,363,0,5
3,363,0,5
4,363,0,5
1,364,0,5
2,364,0,5
3,364,0,5
4,364,0,5
1,365,0,5
2,365,0,5
3,365,0,5
4,365,0,5
1,366,0,5
2,366,0,5
3,366,0,5
4,366,0,5
1,367,0,5
2,367,0,5
3,367,0,5
4,367,0,5
1,368,0,5
2,368,0,5
3,368,0,5
4,368,0,5
1,369,0,5
2,369,0,5
3,369,0,5
4,369,0,5
1,370,0,5
2,370,0,5
3,370,0,5
4,370,0,5
1,371,0,5
2,371,0,5
3,371,0,5
4,371,0,5
1,372,0,5
2,372,0,5
3,372,0,5
4,372,0,5
1,373,0,5
2,373,0,5
3,373,0,5
4,373,0,5
1,374,0,5
2,374,0,5
3,374,0,5
4,374,0,5
1,375,0,5
2,375,0,5
3,375,0,5
4,375,0,5
1,376,0,5
2,376,0,5
3,376,0,5
4,376,0,5
1,377,0,5
2,377,0,5
3,377,0,5
4,377,0,5
1,378,0,5
2,378,0,5
3,378,0,5
4,378,0,5
1,379,0,5
2,379,0,5
3,379,0,5
4,379,0,5
1,380,0,5
2,380,0,5
3,380,0,5
4,380,0,5
1,381,0,5
2,381,0,5
3,381,0,5
4,381,0,5
1,382,0,5
2,382,0,5
3,382,0,5
4,382,0,5
1,383,0,5
2,383,0,5
3,383,0,5
4,383,0,5
1,384,0,5
2,384,0,5
3,384,0,5
4,384,0,5
1,385,0,5
2,385,0,5
3,385,0,5
4,385,0,5
1,386,0,5
2,386,0,5
3,386,0,5
4,386,0,5
1,387,0,5
2,387,0,5
3,387,0,5
4,387,0,5
1,388,0,5
2,388,0,5
3,388,0,5
4,388,0,5
1,389,0,5
2,389,0,5
3,389,0,5
4,389,0,5
1,390,0,5
2,390,0,5
3,390,0,5
4,390,0,5
1,391,0,5
2,391,0,5
3,391,0,5
4,391,0,5
1,392,0,5
2,392,0,5
3,392,0,5
4,392,0,5
1,393,0,5
2,393,0,5
3,393,0,5
4,393,0,5
1,394,0,5
2,394,0,5
3,394,0,5
4,394,0,5
1,395,0,5
2,395,0,5
3,395,0,5
4,395,0,5
1,396,0,5
2,396,0,5
3,396,0,5
4,396,0,5
1,397,0,5
2,397,0,5
3,397,0,5
4,397,0,5
1,398,0,5
2,398,0,5
3,398,0,5
4,398,0,5
1,399,0,5
2,399,0,5
3,399,0,5
4,399,0,5
1,400,0,5
2,400,0,5
3,400,0,5
4,400,0,5
1,401,0,5
2,401,0,5
3,401,0,5
4,401,0,5
1,402,0,5
2,402,0,5
3,402,0,5
4,402,0,5
1,403,0,5
2,403,0,5
3,403,0,5
4,403,0,5
1,404,0,5
2,404,0,5
3,404,0,5
4,404,0,5
1,405,0,5
2,405,0,5
3,405,0,5
4,405,0,5
1,406,0,5
2,406,0,5
3,406,0,5
4,406,0,5
1,407,0,5
2,407,0,5
3,407,0,5
4,407,0,5
1,408,0,5
2,408,0,5
3,408,0,5
4,408,0,5
1,409,0,5
2,409,0,5
3,409,0,5
4,409,0,5
1,410,0,5
2,410,0,5
3,410,0,5
4,410,0,5
1,411,0,5
2,411,0,5
3,411,0,5
4,411,0,5
1,412,0,5
2,412,0,5
3,412,0,5
4,412,0,5
1,413,0,5
2,413,0,5
3,413,0,5
4,413,0,5
1,414,0,5
2,414,0,5
3,414,0,5
4,414,0,5
1,415,0,5
2,415,0,5
3,415,0,5
4,415,0,5
1,416,0,5
2,416,0,5
3,416,0,5
4,416,0,5
1,417,0,5
2,417,0,5
3,417,0,5
4,417,0,5
1,418,0,5
2,418,0,5
3,418,0,5
4,418,0,5
1,419,0,5
2,419,0,5
3,419,0,5
4,419,0,5
1,420,0,5
2,420,0,5
3,420,0,5
4,420,0,5
1,421,0,5
2,421,0,5
3,421,0,5
4,421,0,5
1,422,0,5
2,422,0,5
3,422,0,5
4,422,0,5
1,423,0,5
2,423,0,5
3,423,0,5
4,423,0,5
1,424,0,5
2,424,0,5
3,424,0,5
4,424,0,5
1,425,0,5
2,425,0,5
3,425,0,5
4,425,0,5
1,426,0,5
2,426,0,5
3,426,0,5
4,426,0,5
1,427,0,5
2,427,0,5
3,427,0,5
4,427,0,5
1,428,0,5
2,428,0,5
3,428,0,5
4,428,0,5
1,429,0,5
2,429,0,5
3,429,0,5
4,429,0,5
1,430,0,5
2,430,0,5
3,430,0,5
4,430,0,5
1,431,0,5
2,431,0,5
3,431,0,5
4,431,0,5
1,432,0,5
2,432,0,5
3,432,0,5
4,432,0,5
1,433,0,5
2,433,0,5
3,433,0,5
4,433,0,5
1,434,0,5
2,434,0,5
3,434,0,5
4,434,0,5
1,435,0,5
2,435,0,5
3,435,0,5
4,435,0,5
1,436,0,5
2,436,0,5
3,436,0,5
4,436,0,5
1,437,0,5
2,437,0,5
3,437,0,5
4,437,0,5
1,438,0,5
2,438,0,5
3,438,0,5
4,438,0,5
1,439,0,5
2,439,0,5
3,439,0,5
4,439,0,5
1,440,0,5
2,440,0,5
3,440,0,5
4,440,0,5
1,441,0,5
2,441,0,5
3,441,0,5
4,441,0,5
1,442,0,5
2,442,0,5
3,442,0,5
4,442,0,5
1,443,0,5
2,443,0,5
3,443,0,5
4,443,0,5
1,444,0,5
2,444,0,5
3,444,0,5
4,444,0,5
1,445,0,5
2,445,0,5
3,445,0,5
4,445,0,5
1,446,0,5
2,446,0,5
3,446,0,5
4,446,0,5
1,447,0,5
2,447,0,5
3,447,0,5
4,447,0,5
1,448,0,5
2,448,0,5
3,448,0,5
4,448,0,5
1,449,0,5
2,449,0,5
3,449,0,5
4,449,0,5
1,450,0,5
2,450,0,5
3,450,0,5
4,450,0,5
1,451,0,5
2,451,0,5
3,451,0,5
4,451,0,5
1,452,0,5
2,452,0,5
3,452,0,5
4,452,0,5
1,453,0,5
2,453,0,5
3,453,0,5
4,453,0,5
1,454,0,5
2,454,0,5
3,454,0,5
4,454,0,5
1,455,0,5
2,455,0,5
3,455,0,5
4,455,0,5
1,456,0,5
2,456,0,5
3,456,0,5
4,456,0,5
1,457,0,5
2,457,0,5
3,457,0,5
4,457,0,5
1,458,0,5
2,458,0,5
3,458,0,5
4,458,0,5
1,459,0,5
2,459,0,5
3,459,0,5
4,459,0,5
1,460,0,5
2,460,0,5
3,460,0,5
4,460,0,5
1,461,0,5
2,461,0,5
3,461,0,5
4,461,0,5
1,462,0,5
2,462,0,5
3,462,0,5
4,462,0,5
1,463,0,5
2,463,0,5
3,463,0,5
4,463,0,5
1,464,0,5
2,464,0,5
3,464,0,5
4,464,0,5
1,465,0,5
2,465,0,5
3,465,0,5
4,465,0,5
1,466,0,5
2,466,0,5
3,466,0,5
4,466,0,5
1,467,0,5
2,467,0,5
3,467,0,5
4,467,0,5
1,468,0,5
2,468,0,5
3,468,0,5
4,468,0,5
1,469,0,5
2,469,0,5
3,469,0,5
4,469,0,5
1,470,0,5
2,470,0,5
3,470,0,5
4,470,0,5
1,471,0,5
2,471,0,5
3,471,0,5
4,471,0,5
1,472,0,5
2,472,0,5
3,472,0,5
4,472,0,5
1,473,0,5
2,473,0,5
3,473,0,5
4,473,0,5
1,474,0,5
2,474,0,5
3,474,0,5
4,474,0,5
1,475,0,5
2,475,0,5
3,475,0,5
4,475,0,5
1,476,0,5
2,476,0,5
3,476,0,5
4,476,0,5
1,477,0,5
2,477,0,5
3,477,0,5
4,477,0,5
1,478,0,5
2,478,0,5
3,478,0,5
4,478,0,5
1,479,0,5
2,479,0,5
3,479,0,5
4,479,0,5
1,480,0,5
2,480,0,5
3,480,0,5
4,480,0,5
1,481,0,5
2,481,0,5
3,481,0,5
4,481,0,5
1,482,0,5
2,482,0,5
3,482,0,5
4,482,0,5
1,483,0,5
2,483,0,5
3,483,0,5
4,483,0,5
1,484,0,5
2,484,0,5
3,484,0,5
4,484,0,5
1,485,0,5
2,485,0,5
3,485,0,5
4,485,0,5
1,486,0,5
2,486,0,5
3,486,0,5
4,486,0,5
1,487,0,5
2,487,0,5
3,487,0,5
4,487,0,5
1,488,0,5
2,488,0,5
3,488,0,5
4,488,0,5
1,489,0,5
2,489,0,5
3,489,0,5
4,489,0,5
1,490,0,5
2,490,0,5
3,490,0,5
4,490,0,5
1,491,0,5
2,491,0,5
3,491,0,5
4,491,0,5
1,492,0,5
2,492,0,5
3,492,0,5
4,492,0,5
1,493,0,5
2,493,0,5
3,493,0,5
4,493,0,5
1,494,0,5
2,494,0,5
3,494,0,5
4,494,0,5
1,495,0,5
2,495,0,5
3,495,0,5
4,495,0,5
1,496,0,5
2,496,0,5
3,496,0,5
4,496,0,5
1,497,0,5
2,497,0,5
3,497,0,5
4,497,0,5
1,498,0,5
2,498,0,5
3,498,0,5
4,498,0,5
1,499,0,5
2,499,0,5
3,499,0,5
4,499,0,5
1,500,0,5
2,500,0,5
3,500,0,5
4,500,0,5
1,501,0,5
2,501,0,5
3,501,0,5
4,501,0,5
1,502,0,5
2,502,0,5
3,502,0,5
4,502,0,5
1,503,0,5
2,503,0,5
3,503,0,5
4,503,0,5
1,504,0,5
2,504,0,5
3,504,0,5
4,504,0,5
1,505,0,5
2,505,0,5
3,505,0,5
4,505,0,5
1,506,0,5
2,506,0,5
3,506,0,5
4,506,0,5
1,507,0,5
2,507,0,5
3,507,0,5
4,507,0,5
1,508,0,5
2,508,0,5
3,508,0,5
4,508,0,5
1,509,0,5
2,509,0,5
3,509,0,5
4,509,0,5
1,510,0,5
2,510,0,5
3,510,0,5
4,510,0,5
1,511,0,5
2,511,0,5
3,511,0,5
4,511,0,5
1,512,0,5
2,512,0,5
3,512,0,5
4,512,0,5
1,513,0,5
2,513,0,5
3,513,0,5
4,513,0,5
1,514,0,5
2,514,0,5
3,514,0,5
4,514,0,5
1,515,0,5
2,515,0,5
3,515,0,5
4,515,0,5
1,516,0,5
2,516,0,5
3,516,0,5
4,516,0,5
1,517,0,5
2,517,0,5
3,517,0,5
4,517,0,5
1,518,0,5
2,518,0,5
3,518,0,5
4,518,0,5
1,519,0,5
2,519,0,5
3,519,0,5
4,519,0,5
1,520,0,5
2,520,0,5
3,520,0,5
4,520,0,5
1,521,0,5
2,521,0,5
3,521,0,5
4,521,0,5
1,522,0,5
2,522,0,5
3,522,0,5
4,522,0,5
1,523,0,5
2,523,0,5
3,523,0,5
4,523,0,5
1,524,0,5
2,524,0,5
3,524,0,5
4,524,0,5
1,525,0,5
2,525,0,5
3,525,0,5
4,525,0,5
1,526,0,5
2,526,0,5
3,526,0,5
4,526,0,5
1,527,0,5
2,527,0,5
3,527,0,5
4,527,0,5
1,528,0,5
2,528,0,5
3,528,0,5
4,528,0,5
1,529,0,5
2,529,0,5
3,529,0,5
4,529,0,5
1,530,0,5
2,530,0,5
3,530,0,5
4,530,0,5
1,531,0,5
2,531,0,5
3,531,0,5
4,531,0,5
1,532,0,5
2,532,0,5
3,532,0,5
4,532,0,5
1,533,0,5
2,533,0,5
3,533,0,5
4,533,0,5
1,534,0,5
2,534,0,5
3,534,0,5
4,534,0,5
1,535,0,5
2,535,0,5
3,535,0,5
4,535,0,5
1,536,0,5
2,536,0,5
3,536,0,5
4,536,0,5
1,537,0,5
2,537,0,5
3,537,0,5
4,537,0,5
1,538,0,5
2,538,0,5
3,538,0,5
4,538,0,5
1,539,0,5
2,539,0,5
3,539,0,5
4,539,0,5
1,540,0,5
2,540,0,5
3,540,0,5
4,540,0,5
1,541,0,5
2,541,0,5
3,541,0,5
4,541,0,5
1,542,0,5
2,542,0,5
3,542,0,5
4,542,0,5
1,543,0,5
2,543,0,5
3,543,0,5
4,543,0,5
1,544,0,5
2,544,0,5
3,544,0,5
4,544,0,5
1,545,0,5
2,545,0,5
3,545,0,5
4,545,0,5
1,546,0,5
2,546,0,5
3,546,0,5
4,546,0,5
1,547,0,5
2,547,0,5
3,547,0,5
4,547,0,5
1,548,0,5
2,548,0,5
3,548,0,5
4,548,0,5
1,549,0,5
2,549,0,5
3,549,0,5
4,549,0,5
1,550,0,5
2,550,0,5
3,550,0,5
4,550,0,5
1,551,0,5
2,551,0,5
3,551,0,5
4,551,0,5
1,552,0,5
2,552,0,5
3,552,0,5
4,552,0,5
1,553,0,5
2,553,0,5
3,553,0,5
4,553,0,5
1,554,0,5
2,554,0,5
3,554,0,5
4,554,0,5
1,555,0,5
2,555,0,5
3,555,0,5
4,555,0,5
1,556,0,5
2,556,0,5
3,556,0,5
4,556,0,5
1,557,0,5
2,557,0,5
3,557,0,5
4,557,0,5
1,558,0,5
2,558,0,5
3,558,0,5
4,558,0,5
1,559,0,5
2,559,0,5
3,559,0,5
4,559,0,5
1,560,0,5
2,560,0,5
3,560,0,5
4,560,0,5
1,561,0,5
2,561,0,5
3,561,0,5
4,561,0,5
1,562,0,5
2,562,0,5
3,562,0,5
4,562,0,5
1,563,0,5
2,563,0,5
3,563,0,5
4,563,0,5
1,564,0,5
2,564,0,5
3,564,0,5
4,564,0,5
1,565,0,5
2,565,0,5
3,565,0,5
4,565,0,5
1,566,0,5
2,566,0,5
3,566,0,5
4,566,0,5
1,567,0,5
2,567,0,5
3,567,0,5
4,567,0,5
1,568,0,5
2,568,0,5
3,568,0,5
4,568,0,5
1,569,0,5
2,569,0,5
3,569,0,5
4,569,0,5
1,570,0,5
2,570,0,5
3,570,0,5
4,570,0,5
1,571,0,5
2,571,0,5
3,571,0,5
4,571,0,5
1,572,0,5
2,572,0,5
3,572,0,5
4,572,0,5
1,573,0,5
2,573,0,5
3,573,0,5
4,573,0,5
1,574,0,5
2,574,0,5
3,574,0,5
4,574,0,5
1,575,0,5
2,575,0,5
3,575,0,5
4,575,0,5
1,576,0,5
2,576,0,5
3,576,0,5
4,576,0,5
1,577,0,5
2,577,0,5
3,577,0,5
4,577,0,5
1,578,0,5
2,578,0,5
3,578,0,5
4,578,0,5
1,579,0,5
2,579,0,5
3,579,0,5
4,579,0,5
1,580,0,5
2,580,0,5
3,580,0,5
4,580,0,5
1,581,0,5
2,581,0,5
3,581,0,5
4,581,0,5
1,582,0,5
2,582,0,5
3,582,0,5
4,582,0,5
1,583,0,5
2,583,0,5
3,583,0,5
4,583,0,5
1,584,0,5
2,584,0,5
3,584,0,5
4,584,0,5
1,585,0,5
2,585,0,5
3,585,0,5
4,585,0,5
1,586,0,5
2,586,0,5
3,586,0,5
4,586,0,5
1,587,0,5
2,587,0,5
3,587,0,5
4,587,0,5
1,588,0,5
2,588,0,5
3,588,0,5
4,588,0,5
1,589,0,5
2,589,0,5
3,589,0,5
4,589,0,5
1,590,0,5
2,590,0,5
3,590,0,5
4,590,0,5
1,591,0,5
2,591,0,5
3,591,0,5
4,591,0,5
1,592,0,5
2,592,0,5
3,592,0,5
4,592,0,5
1,593,0,5
2,593,0,5
3,593,0,5
4,593,0,5
1,594,0,5
2,594,0,5
3,594,0,5
4,594,0,5
1,595,0,5
2,595,0,5
3,595,0,5
4,595,0,5
1,596,0,5
2,596,0,5
3,596,0,5
4,596,0,5
1,597,0,5
2,597,0,5
3,597,0,5
4,597,0,5
1,598,0,5
2,598,0,5
3,598,0,5
4,598,0,5
1,599,0,5
2,599,0,5
3,599,0,5
4,599,0,5
1,600,0,5
2,600,0,5
3,600,0,5
4,600,0,5
1,601,0,5
2,601,0,5
3,601,0,5
4,601,0,5
1,602,0,5
2,602,0,5
3,602,0,5
4,602,0,5
1,603,0,5
2,603,0,5
3,603,0,5
4,603,0,5
1,604,0,5
2,604,0,5
3,604,0,5
4,604,0,5
1,605,0,5
2,605,0,5
3,605,0,5
4,605,0,5
1,606,0,5
2,606,0,5
3,606,0,5
4,606,0,5
1,607,0,5
2,607,0,5
3,607,0,5
4,607,0,5
1,608,0,5
2,608,0,5
3,608,0,5
4,608,0,5
1,609,0,5
2,609,0,5
3,609,0,5
4,609,0,5
1,610,0,5
2,610,0,5
3,610,0,5
4,610,0,5
1,611,0,5
2,611,0,5
3,611,0,5
4,611,0,5
1,612,0,5
2,612,0,5
3,612,0,5
4,612,0,5
1,613,0,5
2,613,0,5
3,613,0,5
4,613,0,5
1,614,0,5
2,614,0,5
3,614,0,5
4,614,0,5
1,615,0,5
2,615,0,5
3,615,0,5
4,615,0,5
1,616,0,5
2,616,0,5
3,616,0,5
4,616,0,5
1,617,0,5
2,617,0,5
3,617,0,5
4,617,0,5
1,618,0,5
2,618,0,5
3,618,0,5
4,618,0,5
1,619,0,5
2,619,0,5
3,619,0,5
4,619,0,5
1,620,0,5
2,620,0,5
3,620,0,5
4,620,0,5
1,621,0,5
2,621,0,5
3,621,0,5
4,621,0,5
1,622,0,5
2,622,0,5
3,622,0,5
4,622,0,5
1,623,0,5
2,623,0,5
3,623,0,5
4,623,0,5
1,624,0,5
2,624,0,5
3,624,0,5
4,624,0,5
1,625,0,5
2,625,0,5
3,625,0,5
4,625,0,5
1,626,0,5
2,626,0,5
3,626,0,5
4,626,0,5
1,627,0,5
2,627,0,5
3,627,0,5
4,627,0,5
1,628,0,5
2,628,0,5
3,628,0,5
4,628,0,5
1,629,0,5
2,629,0,5
3,629,0,5
4,629,0,5
1,630,0,5
2,630,0,5
3,630,0,5
4,630,0,5
1,631,0,5
2,631,0,5
3,631,0,5
4,631,0,5
1,632,0,5
2,632,0,5
3,632,0,5
4,632,0,5
1,633,0,5
2,633,0,5
3,633,0,5
4,633,0,5
1,634,0,5
2,634,0,5
3,634,0,5
4,634,0,5
1,635,0,5
2,635,0,5
3,635,0,5
4,635,0,5
1,636,0,5
2,636,0,5
3,636,0,5
4,636,0,5
1,637,0,5
2,637,0,5
3,637,0,5
4,637,0,5
1,638,0,5
2,638,0,5
3,638,0,5
4,638,0,5
1,639,0,5
2,639,0,5
3,639,0,5
4,639,0,5
1,640,0,5
2,640,0,5
3,640,0,5
4,640,0,5
1,641,0,5
2,641,0,5
3,641,0,5
4,641,0,5
1,642,0,5
2,642,0,5
3,642,0,5
4,642,0,5
1,643,0,5
2,643,0,5
3,643,0,5
4,643,0,5
1,644,0,5
2,644,0,5
3,644,0,5
4,644,0,5
1,645,0,5
2,645,0,5
3,645,0,5
4,645,0,5
1,646,0,5
2,646,0,5
3,646,0,5
4,646,0,5
1,647,0,5
2,647,0,5
3,647,0,5
4,647,0,5
1,648,0,5
2,648,0,5
3,648,0,5
4,648,0,5
1,649,0,5
2,649,0,5
3,649,0,5
4,649,0,5
1,650,0,5
2,650,0,5
3,650,0,5
4,650,0,5
1,651,0,5
2,651,0,5
3,651,1,4
4,651,0,5
1,652,0,5
2,652,0,5
3,652,1,4
4,652,0,5
1,653,0,5
2,653,0,5
3,653,1,4
4,653,0,5
1,654,0,5
2,654,0,5
3,654,1,4
4,654,0,5
1,655,0,5
2,655,0,5
3,655,1,4
4,655,0,5
1,656,0,5
2,656,0,5
3,656,1,4
4,656,0,5
1,657,0,5
2,657,0,5
3,657,1,4
4,657,0,5
1,658,0,5
2,658,0,5
3,658,1,4
4,658,0,5
1,659,0,5
2,659,0,5
3,659,1,4
4,659,1,4
1,660,0,5
2,660,0,5
3,660,1,4
4,660,1,4
1,661,0,5
2,661,0,5
3,661,1,4
4,661,1,4
1,662,0,5
2,662,0,5
3,662,1,4
4,662,1,4
1,663,0,5
2,663,0,5
3,663,1,4
4,663,1,4
1,664,0,5
2,664,0,5
3,664,1,4
4,664,1,4
1,665,0,5
2,665,0,5
3,665,1,4
4,665,1,4
1,666,0,5
2,666,0,5
3,666,1,4
4,666,1,4
1,667,0,5
2,667,0,5
3,667,1,4
4,667,1,4
1,668,0,5
2,668,0,5
3,668,1,4
4,668,1,4
1,669,0,5
2,669,0,5
3,669,1,4
4,669,1,4
1,670,0,5
2,670,0,5
3,670,1,4
4,670,1,4
1,671,0,5
2,671,0,5
3,671,1,4
4,671,1,4
1,672,0,5
2,672,0,5
3,672,1,4
4,672,1,4
1,673,0,5
2,673,0,5
3,673,1,4
4,673,1,4
1,674,0,5
2,674,0,5
3,674,1,4
4,674,1,4
1,675,0,5
2,675,0,5
3,675,1,4
4,675,1,4
1,676,0,5
2,676,0,5
3,676,1,4
4,676,1,4
1,677,0,5
2,677,0,5
3,677,1,4
4,677,1,4
1,678,0,5
2,678,0,5
3,678,1,4
4,678,1,4
1,679,0,5
2,679,0,5
3,679,1,4
4,679,1,4
1,680,0,5
2,680,0,5
3,680,1,4
4,680,1,4
1,681,0,5
2,681,0,5
3,681,1,4
4,681,1,4
1,682,0,5
2,682,0,5
3,682,1,4
4,682,1,4
1,683,0,5
2,683,0,5
3,683,1,4
4,683,1,4
1,684,0,5
2,684,0,5
3,684,1,4
4,684,1,4
1,685,0,5
2,685,0,5
3,685,1,4
4,685,1,4
1,686,0,5
2,686,0,5
3,686,1,4
4,686,1,4
1,687,0,5
2,687,0,5
3,687,1,4
4,687,1,4
1,688,0,5
2,688,0,5
3,688,1,4
4,688,1,4
1,689,0,5
2,689,0,5
3,689,1,4
4,689,1,4
1,690,0,5
2,690,0,5
3,690,1,4
4,690,1,4
1,691,0,5
2,691,0,5
3,691,1,4
4,691,1,4
1,692,0,5
2,692,0,5
3,692,1,4
4,692,1,4
1,693,0,5
2,693,0,5
3,693,1,4
4,693,1,4
1,694,0,5
2,694,0,5
3,694,1,4
4,694,1,4
1,695,0,5
2,695,0,5
3,695,1,4
4,695,1,4
1,696,0,5
2,696,0,5
3,696,1,4
4,696,1,4
1,697,0,5
2,697,0,5
3,697,1,4
4,697,1,4
1,698,0,5
2,698,0,5
3,698,1,4
4,698,1,4
1,699,0,5
2,699,0,5
3,699,1,4
4,699,1,4
1,700,0,5
2,700,0,5
3,700,1,4
4,700,1,4
1,701,0,5
2,701,0,5
3,701,1,4
4,701,1,4
1,702,0,5
2,702,0,5
3,702,1,4
4,702,1,4
1,703,0,5
2,703,0,5
3,703,1,4
4,703,1,4
1,704,0,5
2,704,0,5
3,704,1,4
4,704,1,4
1,705,0,5
2,705,0,5
3,705,1,4
4,705,1,4
1,706,1,4
2,706,0,5
3,706,1,4
4,706,1,4
1,707,1,4
2,707,0,5
3,707,1,4
4,707,1,4
1,708,1,4
2,708,0,5
3,708,1,4
4,708,1,4
1,709,1,4
2,709,0,5
3,709,1,4
4,709,1,4
1,710,1,4
2,710,0,5
3,710,1,4
4,710,2,3
1,711,1,4
2,711,0,5
3,711,1,4
4,711,2,3
1,712,1,4
2,712,0,5
3,712,1,4
4,712,2,3
1,713,1,4
2,713,0,5
3,713,1,4
4,713,2,3
1,714,1,4
2,714,0,5
3,714,1,4
4,714,2,3
1,715,1,4
2,715,0,5
3,715,1,4
4,715,2,3
1,716,1,4
2,716,0,5
3,716,1,4
4,716,2,3
1,717,1,4
2,717,0,5
3,717,1,4
4,717,2,3
1,718,1,4
2,718,0,5
3,718,1,4
4,718,2,3
1,719,1,4
2,719,0,5
3,719,1,4
4,719,2,3
1,720,1,4
2,720,0,5
3,720,1,4
4,720,2,3
1,721,1,4
2,721,0,5
3,721,1,4
4,721,2,3
1,722,1,4
2,722,0,5
3,722,1,4
4,722,2,3
1,723,1,4
2,723,0,5
3,723,1,4
4,723,2,3
1,724,1,4
2,724,0,5
3,724,1,4
4,724,2,3
1,725,1,4
2,725,0,5
3,725,1,4
4,725,2,3
1,726,1,4
2,726,0,5
3,726,1,4
4,726,2,3
1,727,1,4
2,727,0,5
3,727,1,4
4,727,2,3
1,728,1,4
2,728,0,5
3,728,1,4
4,728,2,3
1,729,1,4
2,729,0,5
3,729,1,4
4,729,2,3
1,730,1,4
2,730,0,5
3,730,1,4
4,730,2,3
1,731,1,4
2,731,0,5
3,731,1,4
4,731,2,3
1,732,1,4
2,732,0,5
3,732,1,4
4,732,2,3
1,733,1,4
2,733,0,5
3,733,1,4
4,733,2,3
1,734,1,4
2,734,0,5
3,734,1,4
4,734,3,2
1,735,1,4
2,735,0,5
3,735,1,4
4,735,3,2
1,736,1,4
2,736,1,4
3,736,1,4
4,736,3,2
1,737,1,4
2,737,1,4
3,737,1,4
4,737,3,2
1,738,1,4
2,738,1,4
3,738,1,4
4,738,3,2
1,739,1,4
2,739,1,4
3,739,1,4
4,739,3,2
1,740,1,4
2,740,1,4
3,740,1,4
4,740,3,2
1,741,1,4
2,741,1,4
3,741,1,4
4,741,3,2
1,742,1,4
2,742,1,4
3,742,1,4
4,742,3,2
1,743,1,4
2,743,1,4
3,743,1,4
4,743,3,2
1,744,1,4
2,744,1,4
3,744,1,4
4,744,3,2
1,745,1,4
2,745,1,4
3,745,1,4
4,745,3,2
1,746,1,4
2,746,1,4
3,746,1,4
4,746,3,2
1,747,1,4
2,747,1,4
3,747,1,4
4,747,3,2
1,748,1,4
2,748,1,4
3,748,1,4
4,748,3,2
1,749,1,4
2,749,1,4
3,749,1,4
4,749,3,2
1,750,1,4
2,750,1,4
3,750,1,4
4,750,3,2
1,751,1,4
2,751,1,4
3,751,1,4
4,751,3,2
1,752,1,4
2,752,1,4
3,752,1,4
4,752,3,2
1,753,1,4
2,753,1,4
3,753,1,4
4,753,3,2
1,754,1,4
2,754,1,4
3,754,1,4
4,754,3,2
1,755,1,4
2,755,1,4
3,755,2,3
4,755,3,2
1,756,1,4
2,756,1,4
3,756,2,3
4,756,3,2
1,757,1,4
2,757,1,4
3,757,2,3
4,757,3,2
1,758,1,4
2,758,2,3
3,758,2,3
4,758,3,2
1,759,1,4
2,759,2,3
3,759,2,3
4,759,3,2
1,760,1,4
2,760,2,3
3,760,2,3
4,760,3,2
1,761,1,4
2,761,2,3
3,761,2,3
4,761,3,2
1,762,1,4
2,762,2,3
3,762,2,3
4,762,3,2
1,763,1,4
2,763,2,3
3,763,2,3
4,763,3,2
1,764,1,4
2,764,2,3
3,764,2,3
4,764,3,2
1,765,1,4
2,765,2,3
3,765,2,3
4,765,3,2
1,766,1,4
2,766,2,3
3,766,2,3
4,766,3,2
1,767,1,4
2,767,2,3
3,767,2,3
4,767,3,2
1,768,1,4
2,768,2,3
3,768,2,3
4,768,3,2
1,769,1,4
2,769,2,3
3,769,2,3
4,769,3,2
1,770,1,4
2,770,2,3
3,770,2,3
4,770,3,2
1,771,1,4
2,771,2,3
3,771,2,3
4,771,3,2
1,772,1,4
2,772,2,3
3,772,2,3
4,772,3,2
1,773,1,4
2,773,2,3
3,773,2,3
4,773,3,2
1,774,1,4
2,774,2,3
3,774,2,3
4,774,3,2
1,775,1,4
2,775,2,3
3,775,2,3
4,775,3,2
1,776,1,4
2,776,2,3
3,776,2,3
4,776,3,2
1,777,1,4
2,777,3,2
3,777,2,3
4,777,3,2
1,778,1,4
2,778,3,2
3,778,2,3
4,778,3,2
1,779,1,4
2,779,3,2
3,779,2,3
4,779,3,2
1,780,1,4
2,780,3,2
3,780,2,3
4,780,3,2
1,781,1,4
2,781,3,2
3,781,2,3
4,781,3,2
1,782,1,4
2,782,3,2
3,782,2,3
4,782,3,2
1,783,1,4
2,783,3,2
3,783,2,3
4,783,3,2
1,784,1,4
2,784,3,2
3,784,2,3
4,784,3,2
1,785,1,4
2,785,3,2
3,785,3,2
4,785,3,2
1,786,1,4
2,786,3,2
3,786,3,2
4,786,3,2
1,787,1,4
2,787,3,2
3,787,3,2
4,787,3,2
1,788,1,4
2,788,3,2
3,788,3,2
4,788,3,2
1,789,1,4
2,789,3,2
3,789,3,2
4,789,3,2
1,790,1,4
2,790,3,2
3,790,3,2
4,790,3,2
1,791,1,4
2,791,3,2
3,791,3,2
4,791,3,2
1,792,1,4
2,792,3,2
3,792,3,2
4,792,3,2
1,793,1,4
2,793,3,2
3,793,3,2
4,793,3,2
1,794,1,4
2,794,3,2
3,794,3,2
4,794,3,2
1,795,1,4
2,795,3,2
3,795,3,2
4,795,3,2
1,796,1,4
2,796,3,2
3,796,3,2
4,796,3,2
1,797,1,4
2,797,3,2
3,797,3,2
4,797,3,2
1,798,1,4
2,798,3,2
3,798,3,2
4,798,3,2
1,799,1,4
2,799,3,2
3,799,3,2
4,799,3,2
1,800,1,4
2,800,3,2
3,800,3,2
4,800,3,2
1,801,1,4
2,801,3,2
3,801,3,2
4,801,3,2
1,802,1,4
2,802,3,2
3,802,3,2
4,802,3,2
1,803,1,4
2,803,3,2
3,803,3,2
4,803,3,2
1,804,1,4
2,804,3,2
3,804,3,2
4,804,3,2
1,805,1,4
2,805,3,2
3,805,3,2
4,805,3,2
1,806,1,4
2,806,3,2
3,806,3,2
4,806,4,1
1,807,1,4
2,807,3,2
3,807,3,2
4,807,4,1
1,808,1,4
2,808,3,2
3,808,3,2
4,808,4,1
1,809,1,4
2,809,3,2
3,809,3,2
4,809,4,1
1,810,1,4
2,810,3,2
3,810,3,2
4,810,4,1
1,811,1,4
2,811,3,2
3,811,3,2
4,811,4,1
1,812,1,4
2,812,3,2
3,812,3,2
4,812,4,1
1,813,1,4
2,813,3,2
3,813,3,2
4,813,4,1
1,814,1,4
2,814,3,2
3,814,3,2
4,814,4,1
1,815,1,4
2,815,3,2
3,815,3,2
4,815,4,1
1,816,1,4
2,816,3,2
3,816,3,2
4,816,5,0
1,817,1,4
2,817,3,2
3,817,3,2
4,817,5,0
1,818,1,4
2,818,3,2
3,818,3,2
4,818,5,0
1,819,1,4
2,819,3,2
3,819,3,2
4,819,5,0
1,820,1,4
2,820,3,2
3,820,3,2
4,820,5,0
1,821,1,4
2,821,3,2
3,821,4,1
4,821,5,0
1,822,1,4
2,822,3,2
3,822,4,1
4,822,5,0
1,823,1,4
2,823,3,2
3,823,4,1
4,823,5,0
1,824,1,4
2,824,3,2
3,824,4,1
4,824,5,0
1,825,1,4
2,825,3,2
3,825,4,1
4,825,5,0
1,826,1,4
2,826,4,1
3,826,4,1
4,826,5,0
1,827,1,4
2,827,4,1
3,827,4,1
4,827,5,0
1,828,1,4
2,828,4,1
3,828,4,1
4,828,5,0
1,829,1,4
2,829,4,1
3,829,4,1
4,829,5,0
1,830,1,4
2,830,4,1
3,830,4,1
4,830,5,0
1,831,2,3
2,831,4,1
3,831,4,1
4,831,5,0
1,832,2,3
2,832,4,1
3,832,4,1
4,832,5,0
1,833,2,3
2,833,4,1
3,833,4,1
4,833,5,0
1,834,2,3
2,834,4,1
3,834,4,1
4,834,5,0
1,835,2,3
2,835,4,1
3,835,4,1
4,835,5,0
1,836,2,3
2,836,4,1
3,836,4,1
4,836,5,0
1,837,2,3
2,837,4,1
3,837,4,1
4,837,5,0
1,838,2,3
2,838,4,1
3,838,4,1
4,838,5,0
1,839,2,3
2,839,4,1
3,839,4,1
4,839,5,0
1,840,2,3
2,840,4,1
3,840,4,1
4,840,5,0
1,841,2,3
2,841,4,1
3,841,4,1
4,841,5,0
1,842,2,3
2,842,4,1
3,842,4,1
4,842,5,0
1,843,3,2
2,843,4,1
3,843,4,1
4,843,5,0
1,844,3,2
2,844,4,1
3,844,4,1
4,844,5,0
1,845,3,2
2,845,4,1
3,845,4,1
4,845,5,0
1,846,4,1
2,846,4,1
3,846,4,1
4,846,5,0
1,847,4,1
2,847,4,1
3,847,4,1
4,847,5,0
1,848,4,1
2,848,4,1
3,848,4,1
4,848,5,0
1,849,4,1
2,849,4,1
3,849,4,1
4,849,5,0
1,850,4,1
2,850,4,1
3,850,4,1
4,850,5,0
1,851,4,1
2,851,5,0
3,851,4,1
4,851,5,0
1,852,4,1
2,852,5,0
3,852,4,1
4,852,5,0
1,853,4,1
2,853,5,0
3,853,4,1
4,853,5,0
1,854,4,1
2,854,5,0
3,854,4,1
4,854,5,0
1,855,4,1
2,855,5,0
3,855,4,1
4,855,5,0
1,856,4,1
2,856,5,0
3,856,4,1
4,856,5,0
1,857,4,1
2,857,5,0
3,857,4,1
4,857,5,0
1,858,4,1
2,858,5,0
3,858,4,1
4,858,5,0
1,859,4,1
2,859,5,0
3,859,4,1
4,859,5,0
1,860,4,1
2,860,5,0
3,860,4,1
4,860,5,0
1,861,4,1
2,861,5,0
3,861,5,0
4,861,5,0
1,862,4,1
2,862,5,0
3,862,5,0
4,862,5,0
1,863,4,1
2,863,5,0
3,863,5,0
4,863,5,0
1,864,4,1
2,864,5,0
3,864,5,0
4,864,5,0
1,865,4,1
2,865,5,0
3,865,5,0
4,865,5,0
